<?xml version="1.0" encoding="UTF-8"?>
<adhanebilal xmlns:xsi="http://www.w3.org/2001/XMLSchema-instance" xsi:noNamespaceSchemaLocation="geostate.xsd">
	<country name="الجزائر">
		<city name="3 Marabouts">
			<state>عين تيموشنت</state>
			<latitude>353101</latitude>
			<longitude>-11749</longitude>
			<timezone>100</timezone>
			<daylight>0</daylight>
		</city>
		<city name="الجزائر2">
			<state>Alger</state>
			<latitude>367728</latitude>
			<longitude>30603</longitude>
			<timezone>100</timezone>
			<daylight>0</daylight>
		</city>
		<city name="الجزائر1">
			<state/>
			<latitude>280097</latitude>
			<longitude>30097</longitude>
			<timezone>100</timezone>
			<daylight>0</daylight>
		</city>
		<city name="الجزائر3">
			<state/>
			<latitude>367930</latitude>
			<longitude>30597</longitude>
			<timezone>100</timezone>
			<daylight>0</daylight>
		</city>
		<city name="الجزائر العاصمة">
			<state>Alger</state>
			<latitude>367930</latitude>
			<longitude>31597</longitude>
			<timezone>100</timezone>
			<daylight>0</daylight>
		</city>
		<city name="عنابة">
			<state/>
			<latitude>369172</latitude>
			<longitude>77669</longitude>
			<timezone>100</timezone>
			<daylight>0</daylight>
		</city>
		<city name="سكيكدة">
			<state>Skikda</state>
			<latitude>369097</latitude>
			<longitude>77764</longitude>
			<timezone>100</timezone>
			<daylight>0</daylight>
		</city>
		<city name="بريكة">
			<state/>
			<latitude>353995</latitude>
			<longitude>53865</longitude>
			<timezone>100</timezone>
			<daylight>0</daylight>
		</city>
		<city name="باتنة">
			<state/>
			<latitude>355545</latitude>
			<longitude>61695</longitude>
			<timezone>100</timezone>
			<daylight>0</daylight>
		</city>
		<city name="بجاية">
			<state/>
			<latitude>367598</latitude>
			<longitude>50931</longitude>
			<timezone>100</timezone>
			<daylight>0</daylight>
		</city>
		<city name="بير العاتر">
			<state/>
			<latitude>347431</latitude>
			<longitude>80598</longitude>
			<timezone>100</timezone>
			<daylight>0</daylight>
		</city>
		<city name="بسكرة">
			<state/>
			<latitude>348598</latitude>
			<longitude>57431</longitude>
			<timezone>100</timezone>
			<daylight>0</daylight>
		</city>
		<city name="بليدة">
			<state/>
			<latitude>364784</latitude>
			<longitude>28387</longitude>
			<timezone>100</timezone>
			<daylight>0</daylight>
		</city>
		<city name="برج بعريريج">
			<state>Bordj Bou Arreridj</state>
			<latitude>360848</latitude>
			<longitude>47848</longitude>
			<timezone>100</timezone>
			<daylight>0</daylight>
		</city>
		<city name="شلف">
			<state/>
			<latitude>361746</latitude>
			<longitude>13446</longitude>
			<timezone>100</timezone>
			<daylight>0</daylight>
		</city>
		<city name="شلف1">
			<state/>
			<latitude>360477</latitude>
			<longitude>1413</longitude>
			<timezone>100</timezone>
			<daylight>0</daylight>
		</city>
		<city name="قسنطينة">
			<state/>
			<latitude>363749</latitude>
			<longitude>66246</longitude>
			<timezone>100</timezone>
			<daylight>0</daylight>
		</city>
		<city name="عين الباي">
			<state>Constantine</state>
			<latitude>362880</latitude>
			<longitude>66305</longitude>
			<timezone>100</timezone>
			<daylight>0</daylight>
		</city>
		<city name="الجلفة">
			<state/>
			<latitude>346767</latitude>
			<longitude>32600</longitude>
			<timezone>100</timezone>
			<daylight>0</daylight>
		</city>
		<city name="العلمة">
			<state>Setif</state>
			<latitude>361601</latitude>
			<longitude>56934</longitude>
			<timezone>100</timezone>
			<daylight>0</daylight>
		</city>
		<city name="القليعة">
			<state/>
			<latitude>305768</latitude>
			<longitude>28934</longitude>
			<timezone>100</timezone>
			<daylight>0</daylight>
		</city>
		<city name="المدية">
			<state>Medea</state>
			<latitude>362295</latitude>
			<longitude>27826</longitude>
			<timezone>100</timezone>
			<daylight>0</daylight>
		</city>
		<city name="الحويتة">
			<state/>
			<latitude>336601</latitude>
			<longitude>24601</longitude>
			<timezone>100</timezone>
			<daylight>0</daylight>
		</city>
		<city name="النعامة">
			<state>Naama</state>
			<latitude>342184</latitude>
			<longitude>-5885</longitude>
			<timezone>100</timezone>
			<daylight>0</daylight>
		</city>
		<city name="جيجل">
			<state>Jijel</state>
			<latitude>367648</latitude>
			<longitude>62826</longitude>
			<timezone>100</timezone>
			<daylight>0</daylight>
		</city>
		<city name="الميلية">
			<state>Constantine</state>
			<latitude>363784</latitude>
			<longitude>66062</longitude>
			<timezone>100</timezone>
			<daylight>0</daylight>
		</city>
		<city name="بومرداس">
			<state/>
			<latitude>368284</latitude>
			<longitude>37634</longitude>
			<timezone>100</timezone>
			<daylight>0</daylight>
		</city>
		<city name="الواد">
			<state/>
			<latitude>333434</latitude>
			<longitude>68934</longitude>
			<timezone>100</timezone>
			<daylight>0</daylight>
		</city>
		<city name="الواد1">
			<state/>
			<latitude>359934</latitude>
			<longitude>41768</longitude>
			<timezone>100</timezone>
			<daylight>0</daylight>
		</city>
		<city name="غرداية">
			<state/>
			<latitude>324936</latitude>
			<longitude>36770</longitude>
			<timezone>100</timezone>
			<daylight>0</daylight>
		</city>
		<city name="قالمة">
			<state>Annaba</state>
			<latitude>364764</latitude>
			<longitude>74442</longitude>
			<timezone>100</timezone>
			<daylight>0</daylight>
		</city>
		<city name="حاسي مسعود">
			<state>Ouargla</state>
			<latitude>313948</latitude>
			<longitude>53929</longitude>
			<timezone>100</timezone>
			<daylight>0</daylight>
		</city>
		<city name="حاسي مسعود1">
			<state/>
			<latitude>345937</latitude>
			<longitude>42104</longitude>
			<timezone>100</timezone>
			<daylight>0</daylight>
		</city>
		<city name="حسين داي">
			<state>Alger</state>
			<latitude>367448</latitude>
			<longitude>31165</longitude>
			<timezone>100</timezone>
			<daylight>0</daylight>
		</city>
		<city name="عين امناس">
			<state/>
			<latitude>281772</latitude>
			<longitude>95105</longitude>
			<timezone>100</timezone>
			<daylight>0</daylight>
		</city>
		<city name="جيجل">
			<state/>
			<latitude>368106</latitude>
			<longitude>57773</longitude>
			<timezone>100</timezone>
			<daylight>0</daylight>
		</city>
		<city name="خنشلة">
			<state/>
			<latitude>354465</latitude>
			<longitude>71540</longitude>
			<timezone>100</timezone>
			<daylight>0</daylight>
		</city>
		<city name="تيارت">
			<state>Tiaret</state>
			<latitude>351697</latitude>
			<longitude>9647</longitude>
			<timezone>100</timezone>
			<daylight>0</daylight>
		</city>
		<city name="لغوات">
			<state/>
			<latitude>338108</latitude>
			<longitude>28941</longitude>
			<timezone>100</timezone>
			<daylight>0</daylight>
		</city>
		<city name="مغنية">
			<state/>
			<latitude>348581</latitude>
			<longitude>-17177</longitude>
			<timezone>100</timezone>
			<daylight>0</daylight>
		</city>
		<city name="المدية">
			<state/>
			<latitude>362784</latitude>
			<longitude>27609</longitude>
			<timezone>100</timezone>
			<daylight>0</daylight>
		</city>
		<city name="ميلة">
			<state/>
			<latitude>364612</latitude>
			<longitude>62753</longitude>
			<timezone>100</timezone>
			<daylight>0</daylight>
		</city>
		<city name="مستغانم">
			<state/>
			<latitude>359170</latitude>
			<longitude>1567</longitude>
			<timezone>100</timezone>
			<daylight>0</daylight>
		</city>
		<city name="ندرومة">
			<state>Tlemcen</state>
			<latitude>350110</latitude>
			<longitude>-17223</longitude>
			<timezone>100</timezone>
			<daylight>0</daylight>
		</city>
		<city name="وهران">
			<state/>
			<latitude>357022</latitude>
			<longitude>-6306</longitude>
			<timezone>100</timezone>
			<daylight>0</daylight>
		</city>
		<city name="وهران1">
			<state/>
			<latitude>357111</latitude>
			<longitude>-6222</longitude>
			<timezone>100</timezone>
			<daylight>0</daylight>
		</city>
		<city name="السينية">
			<state>Oran</state>
			<latitude>356367</latitude>
			<longitude>-6056</longitude>
			<timezone>100</timezone>
			<daylight>0</daylight>
		</city>
		<city name="ورقلة">
			<state/>
			<latitude>319686</latitude>
			<longitude>53389</longitude>
			<timezone>100</timezone>
			<daylight>0</daylight>
		</city>
		<city name="Oued Tammennguelt">
			<state/>
			<latitude>290778</latitude>
			<longitude>75278</longitude>
			<timezone>100</timezone>
			<daylight>0</daylight>
		</city>
		<city name="غليزان">
			<state/>
			<latitude>357539</latitude>
			<longitude>5706</longitude>
			<timezone>100</timezone>
			<daylight>0</daylight>
		</city>
		<city name="سعيدة">
			<state/>
			<latitude>348448</latitude>
			<longitude>1615</longitude>
			<timezone>100</timezone>
			<daylight>0</daylight>
		</city>
		<city name="سعيدة1">
			<state/>
			<latitude>354448</latitude>
			<longitude>-10718</longitude>
			<timezone>100</timezone>
			<daylight>0</daylight>
		</city>
		<city name="سطيف">
			<state/>
			<latitude>362029</latitude>
			<longitude>54209</longitude>
			<timezone>100</timezone>
			<daylight>0</daylight>
		</city>
		<city name="سكيكدة1">
			<state>Constantine</state>
			<latitude>368737</latitude>
			<longitude>69587</longitude>
			<timezone>100</timezone>
			<daylight>0</daylight>
		</city>
		<city name="تبسة">
			<state/>
			<latitude>354158</latitude>
			<longitude>81358</longitude>
			<timezone>100</timezone>
			<daylight>0</daylight>
		</city>
		<city name="تيارت1">
			<state/>
			<latitude>353874</latitude>
			<longitude>13247</longitude>
			<timezone>100</timezone>
			<daylight>0</daylight>
		</city>
		<city name="تيقنتورين">
			<state/>
			<latitude>271449</latitude>
			<longitude>18783</longitude>
			<timezone>100</timezone>
			<daylight>0</daylight>
		</city>
		<city name="تيزي وزو">
			<state/>
			<latitude>367285</latitude>
			<longitude>40613</longitude>
			<timezone>100</timezone>
			<daylight>0</daylight>
		</city>
		<city name="تلمسان">
			<state/>
			<latitude>348899</latitude>
			<longitude>-13034</longitude>
			<timezone>100</timezone>
			<daylight>0</daylight>
		</city>
		<city name="تقرت">
			<state>Ouargla</state>
			<latitude>331116</latitude>
			<longitude>60783</longitude>
			<timezone>100</timezone>
			<daylight>0</daylight>
		</city>
	</country>
</adhanebilal>
